{"cameraMode":{"drawMode":0,"name":"Shaded","section":"Shading Mode"},"sceneLighting":true,"audioPlay":false,"sceneViewState":{"showFog":true,"showMaterialUpdate":false,"showSkybox":true,"showFlares":true,"showImageEffects":true,"showParticleSystems":true,"showVisualEffectGraphs":true,"m_FxEnabled":true},"in2DMode":false,"pivot":{"x":58.553592681884769,"y":39.74458694458008,"z":-28.00493621826172},"rotation":{"x":0.028122035786509515,"y":0.3202088475227356,"z":0.009508549235761166,"w":-0.9468873143196106},"size":32.012786865234378,"orthographic":false}